ISBN,Book-Title,Book-Author,Year-Of-Publication,Publisher,Image-URL-L
0440234743,The Testament,John Grisham,1999,Dell,http://images.amazon.com/images/P/0440234743.01.LZZZZZZZ.jpg
0452264464,Beloved (Plume Contemporary Fiction),Toni Morrison,1994,Plume,http://images.amazon.com/images/P/0452264464.01.LZZZZZZZ.jpg
0971880107,Wild Animus,Rich Shapero,2004,Too Far,http://images.amazon.com/images/P/0971880107.01.LZZZZZZZ.jpg
0345402871,Airframe,Michael Crichton,1997,Ballantine Books,http://images.amazon.com/images/P/0345402871.01.LZZZZZZZ.jpg
0345417623,Timeline,MICHAEL CRICHTON,2000,Ballantine Books,http://images.amazon.com/images/P/0345417623.01.LZZZZZZZ.jpg
0446310786,To Kill a Mockingbird,Harper Lee,1988,Little Brown &amp; Company,http://images.amazon.com/images/P/0446310786.01.LZZZZZZZ.jpg
0449005615,Seabiscuit: An American Legend,LAURA HILLENBRAND,2002,Ballantine Books,http://images.amazon.com/images/P/0449005615.01.LZZZZZZZ.jpg
0553582747,From the Corner of His Eye,Dean Koontz,2001,Bantam Books,http://images.amazon.com/images/P/0553582747.01.LZZZZZZZ.jpg
0425182908,Isle of Dogs,Patricia Cornwell,2002,Berkley Publishing Group,http://images.amazon.com/images/P/0425182908.01.LZZZZZZZ.jpg
0440225701,The Street Lawyer,JOHN GRISHAM,1999,Dell,http://images.amazon.com/images/P/0440225701.01.LZZZZZZZ.jpg
0804106304,The Joy Luck Club,Amy Tan,1994,Prentice Hall (K-12),http://images.amazon.com/images/P/0804106304.01.LZZZZZZZ.jpg
0140067477,The Tao of Pooh,Benjamin Hoff,1983,Penguin Books,http://images.amazon.com/images/P/0140067477.01.LZZZZZZZ.jpg
0345465083,Seabiscuit,LAURA HILLENBRAND,2003,Ballantine Books,http://images.amazon.com/images/P/0345465083.01.LZZZZZZZ.jpg
0316769487,The Catcher in the Rye,J.D. Salinger,1991,"Little, Brown",http://images.amazon.com/images/P/0316769487.01.LZZZZZZZ.jpg
0679429220,Midnight in the Garden of Good and Evil: A Savannah Story,John Berendt,1994,Random House,http://images.amazon.com/images/P/0679429220.01.LZZZZZZZ.jpg
0671867156,Pretend You Don't See Her,Mary Higgins Clark,1998,Pocket,http://images.amazon.com/images/P/0671867156.01.LZZZZZZZ.jpg
0451166892,The Pillars of the Earth,Ken Follett,1996,Signet Book,http://images.amazon.com/images/P/0451166892.01.LZZZZZZZ.jpg
0786868716,The Five People You Meet in Heaven,Mitch Albom,2003,Hyperion,http://images.amazon.com/images/P/0786868716.01.LZZZZZZZ.jpg
0446612545,The Beach House,James Patterson,2003,Warner Books,http://images.amazon.com/images/P/0446612545.01.LZZZZZZZ.jpg
0671027360,Angels &amp; Demons,Dan Brown,2001,Pocket Star,http://images.amazon.com/images/P/0671027360.01.LZZZZZZZ.jpg
0671042858,The Girl Who Loved Tom Gordon,Stephen King,2000,Pocket,http://images.amazon.com/images/P/0671042858.01.LZZZZZZZ.jpg
0060976845,Little Altars Everywhere: A Novel,Rebecca Wells,1996,Perennial,http://images.amazon.com/images/P/0060976845.01.LZZZZZZZ.jpg
0671004573,Before I Say Good-Bye,Mary Higgins Clark,2001,Pocket,http://images.amazon.com/images/P/0671004573.01.LZZZZZZZ.jpg
038572179X,Atonement : A Novel,IAN MCEWAN,2003,Anchor,http://images.amazon.com/images/P/038572179X.01.LZZZZZZZ.jpg
0330332775,Bridget Jones's Diary,Helen Fielding,1997,Picador (UK),http://images.amazon.com/images/P/0330332775.01.LZZZZZZZ.jpg
0060977493,The God of Small Things,Arundhati Roy,1998,Perennial,http://images.amazon.com/images/P/0060977493.01.LZZZZZZZ.jpg
0316602906,The Big Bad Wolf: A Novel,James Patterson,2003,"Little, Brown",http://images.amazon.com/images/P/0316602906.01.LZZZZZZZ.jpg
0316693006,Four Blind Mice,James Patterson,2002,"Little, Brown",http://images.amazon.com/images/P/0316693006.01.LZZZZZZZ.jpg
0345378490,Congo,Michael Crichton,1995,Ballantine Books,http://images.amazon.com/images/P/0345378490.01.LZZZZZZZ.jpg
0375705856,Plainsong (Vintage Contemporaries),KENT HARUF,2000,Vintage,http://images.amazon.com/images/P/0375705856.01.LZZZZZZZ.jpg
0380718332,All That Remains (Kay Scarpetta Mysteries (Paperback)),Patricia D. Cornwell,1993,Avon,http://images.amazon.com/images/P/0380718332.01.LZZZZZZZ.jpg
0385497466,The Brethren,JOHN GRISHAM,2000,Doubleday,http://images.amazon.com/images/P/0385497466.01.LZZZZZZZ.jpg
0385508042,The King of Torts,John Grisham,2003,Doubleday Books,http://images.amazon.com/images/P/0385508042.01.LZZZZZZZ.jpg
0385511612,Bleachers,John Grisham,2003,Doubleday,http://images.amazon.com/images/P/0385511612.01.LZZZZZZZ.jpg
0385730586,Sisterhood of the Traveling Pants,ANN BRASHARES,2003,Delacorte Books for Young Readers,http://images.amazon.com/images/P/0385730586.01.LZZZZZZZ.jpg
0446605484,Roses Are Red (Alex Cross Novels),James Patterson,2001,Warner Vision,http://images.amazon.com/images/P/0446605484.01.LZZZZZZZ.jpg
0446610399,The Rescue,Nicholas Sparks,2001,Warner Books,http://images.amazon.com/images/P/0446610399.01.LZZZZZZZ.jpg
0449006522,Manhattan Hunt Club,JOHN SAUL,2002,Ballantine Books,http://images.amazon.com/images/P/0449006522.01.LZZZZZZZ.jpg
0452282152,Girl with a Pearl Earring,Tracy Chevalier,2001,Plume Books,http://images.amazon.com/images/P/0452282152.01.LZZZZZZZ.jpg
0671027387,Deception Point,Dan Brown,2002,Pocket,http://images.amazon.com/images/P/0671027387.01.LZZZZZZZ.jpg
0684848783,Tis : A Memoir,Frank McCourt,1999,Scribner,http://images.amazon.com/images/P/0684848783.01.LZZZZZZZ.jpg
155874262X,Chicken Soup for the Soul (Chicken Soup for the Soul),Jack Canfield,1993,Health Communications,http://images.amazon.com/images/P/155874262X.01.LZZZZZZZ.jpg
0060987103,Wicked: The Life and Times of the Wicked Witch of the West,Gregory Maguire,1996,Regan Books,http://images.amazon.com/images/P/0060987103.01.LZZZZZZZ.jpg
0151008116,Life of Pi,Yann Martel,2002,Harcourt,http://images.amazon.com/images/P/0151008116.01.LZZZZZZZ.jpg
0525947647,Lies and the Lying Liars Who Tell Them: A Fair and Balanced Look at the Right,Al Franken,2003,Dutton Books,http://images.amazon.com/images/P/0525947647.01.LZZZZZZZ.jpg
0804111359,Secret History,DONNA TARTT,1993,Ballantine Books,http://images.amazon.com/images/P/0804111359.01.LZZZZZZZ.jpg
1558744150,Chicken Soup for the Woman's Soul (Chicken Soup for the Soul Series (Paper)),Jack Canfield,1996,Health Communications,http://images.amazon.com/images/P/1558744150.01.LZZZZZZZ.jpg
0451526341,Animal Farm,George Orwell,2004,Signet,http://images.amazon.com/images/P/0451526341.01.LZZZZZZZ.jpg
0684833395,Catch 22,Joseph Heller,1996,Simon &amp; Schuster,http://images.amazon.com/images/P/0684833395.01.LZZZZZZZ.jpg
044023722X,A Painted House,John Grisham,2001,Dell Publishing Company,http://images.amazon.com/images/P/044023722X.01.LZZZZZZZ.jpg
0380730138,Vinegar Hill (Oprah's Book Club (Paperback)),A. Manette Ansay,1998,Perennial,http://images.amazon.com/images/P/0380730138.01.LZZZZZZZ.jpg
0142001740,The Secret Life of Bees,Sue Monk Kidd,2003,Penguin Books,http://images.amazon.com/images/P/0142001740.01.LZZZZZZZ.jpg
0312995423,Digital Fortress : A Thriller,Dan Brown,2003,St. Martin's Press,http://images.amazon.com/images/P/0312995423.01.LZZZZZZZ.jpg
0515128554,Heart of the Sea (Irish Trilogy),Nora Roberts,2000,Jove Books,http://images.amazon.com/images/P/0515128554.01.LZZZZZZZ.jpg
0156528207,The Little Prince,Antoine de Saint-ExupÃ©ry,1968,Harcourt,http://images.amazon.com/images/P/0156528207.01.LZZZZZZZ.jpg
0380012863,Jonathan Livingston Seagull,Richard Bach,1976,Avon,http://images.amazon.com/images/P/0380012863.01.LZZZZZZZ.jpg
0671867113,Moonlight Becomes You,Mary Higgins Clark,1997,Pocket,http://images.amazon.com/images/P/0671867113.01.LZZZZZZZ.jpg
0060173289,Divine Secrets of the Ya-Ya Sisterhood : A Novel,Rebecca Wells,1996,HarperCollins,http://images.amazon.com/images/P/0060173289.01.LZZZZZZZ.jpg
006101351X,The Perfect Storm : A True Story of Men Against the Sea,Sebastian Junger,1998,HarperTorch,http://images.amazon.com/images/P/006101351X.01.LZZZZZZZ.jpg
0316666343,The Lovely Bones: A Novel,Alice Sebold,2002,"Little, Brown",http://images.amazon.com/images/P/0316666343.01.LZZZZZZZ.jpg
0440224675,Hannibal,Thomas Harris,2000,Dell Publishing Company,http://images.amazon.com/images/P/0440224675.01.LZZZZZZZ.jpg
1878424319,The Four Agreements: A Practical Guide to Personal Freedom,Don Miguel Ruiz,1997,Amber-Allen Publishing,http://images.amazon.com/images/P/1878424319.01.LZZZZZZZ.jpg
044021145X,The Firm,John Grisham,1992,Bantam Dell Publishing Group,http://images.amazon.com/images/P/044021145X.01.LZZZZZZZ.jpg
0345424719,A Widow for One Year,JOHN IRVING,1999,Ballantine Books,http://images.amazon.com/images/P/0345424719.01.LZZZZZZZ.jpg
0375726403,Empire Falls,Richard Russo,2002,Vintage Books USA,http://images.amazon.com/images/P/0375726403.01.LZZZZZZZ.jpg
0440226104,Black and Blue,ANNA QUINDLEN,1999,Dell,http://images.amazon.com/images/P/0440226104.01.LZZZZZZZ.jpg
0671021001,She's Come Undone (Oprah's Book Club),Wally Lamb,1998,Pocket,http://images.amazon.com/images/P/0671021001.01.LZZZZZZZ.jpg
0805063897,Nickel and Dimed: On (Not) Getting By in America,Barbara Ehrenreich,2002,Owl Books,http://images.amazon.com/images/P/0805063897.01.LZZZZZZZ.jpg
0842329129,Left Behind: A Novel of the Earth's Last Days (Left Behind No. 1),Tim Lahaye,1996,Tyndale House Publishers,http://images.amazon.com/images/P/0842329129.01.LZZZZZZZ.jpg
0060915544,The Bean Trees,Barbara Kingsolver,1989,Perennial,http://images.amazon.com/images/P/0060915544.01.LZZZZZZZ.jpg
0060932759,Daughter of Fortune,Isabel Allende,2000,Perennial,http://images.amazon.com/images/P/0060932759.01.LZZZZZZZ.jpg
0312195516,The Red Tent (Bestselling Backlist),Anita Diamant,1998,Picador USA,http://images.amazon.com/images/P/0312195516.01.LZZZZZZZ.jpg
0312278586,The Nanny Diaries: A Novel,Emma McLaughlin,2002,St. Martin's Press,http://images.amazon.com/images/P/0312278586.01.LZZZZZZZ.jpg
0380710218,Postmortem,Patricia Daniels Cornwell,1993,Harper Mass Market Paperbacks (Mm),http://images.amazon.com/images/P/0380710218.01.LZZZZZZZ.jpg
0156027321,Life of Pi,Yann Martel,2003,Harvest Books,http://images.amazon.com/images/P/0156027321.01.LZZZZZZZ.jpg
0385721420,Three Junes,JULIA GLASS,2003,Anchor,http://images.amazon.com/images/P/0385721420.01.LZZZZZZZ.jpg
0451202341,Back Roads,Tawni O'Dell,2001,Signet Book,http://images.amazon.com/images/P/0451202341.01.LZZZZZZZ.jpg
0449907481,A Thousand Acres (Ballantine Reader's Circle),JANE SMILEY,1992,Ballantine Books,http://images.amazon.com/images/P/0449907481.01.LZZZZZZZ.jpg
080213825X,Four Blondes,Candace Bushnell,2001,Grove Press,http://images.amazon.com/images/P/080213825X.01.LZZZZZZZ.jpg
0385490992,The Street Lawyer,John Grisham,1998,Doubleday Books,http://images.amazon.com/images/P/0385490992.01.LZZZZZZZ.jpg
0385424728,The Chamber,John Grisham,1994,Doubleday Books,http://images.amazon.com/images/P/0385424728.01.LZZZZZZZ.jpg
0385472951,The Partner,John Grisham,1997,Doubleday Books,http://images.amazon.com/images/P/0385472951.01.LZZZZZZZ.jpg
0425182878,Chosen Prey,John Sandford,2004,Berkley Publishing Group,http://images.amazon.com/images/P/0425182878.01.LZZZZZZZ.jpg
055356451X,Night Sins,TAMI HOAG,1995,Bantam,http://images.amazon.com/images/P/055356451X.01.LZZZZZZZ.jpg
0345313860,"The Vampire Lestat (Vampire Chronicles, Book II)",ANNE RICE,1986,Ballantine Books,http://images.amazon.com/images/P/0345313860.01.LZZZZZZZ.jpg
0345369947,The Mummy or Ramses the Damned,Anne Rice,1991,Ballantine Books,http://images.amazon.com/images/P/0345369947.01.LZZZZZZZ.jpg
0446394521,Daisy Fay and the Miracle Man,Fannie Flagg,1992,Warner Books,http://images.amazon.com/images/P/0446394521.01.LZZZZZZZ.jpg
068484267X,Angela's Ashes: A Memoir,Frank McCourt,1999,Scribner,http://images.amazon.com/images/P/068484267X.01.LZZZZZZZ.jpg
0060938455,Fast Food Nation: The Dark Side of the All-American Meal,Eric Schlosser,2002,Perennial,http://images.amazon.com/images/P/0060938455.01.LZZZZZZZ.jpg
0061009059,One for the Money (Stephanie Plum Novels (Paperback)),Janet Evanovich,1995,HarperTorch,http://images.amazon.com/images/P/0061009059.01.LZZZZZZZ.jpg
0446364193,Along Came a Spider (Alex Cross Novels),James Patterson,1993,Warner Books,http://images.amazon.com/images/P/0446364193.01.LZZZZZZZ.jpg
0399144463,Who Moved My Cheese? An Amazing Way to Deal with Change in Your Work and in Your Life,Spencer Johnson,1998,Putnam Pub Group (Paper),http://images.amazon.com/images/P/0399144463.01.LZZZZZZZ.jpg
0446672211,Where the Heart Is (Oprah's Book Club (Paperback)),Billie Letts,1998,Warner Books,http://images.amazon.com/images/P/0446672211.01.LZZZZZZZ.jpg
0140293248,The Girls' Guide to Hunting and Fishing,Melissa Bank,2000,Penguin Books,http://images.amazon.com/images/P/0140293248.01.LZZZZZZZ.jpg
0142000205,Icy Sparks,Gwyn Hyman Rubio,2001,Penguin Books,http://images.amazon.com/images/P/0142000205.01.LZZZZZZZ.jpg
0385504209,The Da Vinci Code,Dan Brown,2003,Doubleday,http://images.amazon.com/images/P/0385504209.01.LZZZZZZZ.jpg
0670892963,Bridget Jones : The Edge of Reason,Helen Fielding,2000,Viking Books,http://images.amazon.com/images/P/0670892963.01.LZZZZZZZ.jpg
0316789089,The Pilot's Wife : A Novel Tag: Author of the Weight of Water (Oprah's Book Club (Hardcover)),Anita Shreve,1999,"Little, Brown",http://images.amazon.com/images/P/0316789089.01.LZZZZZZZ.jpg
0385505833,Skipping Christmas,JOHN GRISHAM,2001,Doubleday,http://images.amazon.com/images/P/0385505833.01.LZZZZZZZ.jpg
0743206045,Daddy's Little Girl,Mary Higgins Clark,2002,Simon &amp; Schuster,http://images.amazon.com/images/P/0743206045.01.LZZZZZZZ.jpg
0446531332,Nights in Rodanthe,Nicholas Sparks,2002,Warner Books,http://images.amazon.com/images/P/0446531332.01.LZZZZZZZ.jpg
0385420161,"Like Water for Chocolate: A Novel in Monthly Installments, With Recipes, Romances, and Home Remedies",Laura Esquivel,1992,Doubleday Books,http://images.amazon.com/images/P/0385420161.01.LZZZZZZZ.jpg
0345339711,"The Two Towers (The Lord of the Rings, Part 2)",J.R.R. TOLKIEN,1986,Del Rey,http://images.amazon.com/images/P/0345339711.01.LZZZZZZZ.jpg
0316969443,Suzanne's Diary for Nicholas,James Patterson,2001,"Little, Brown",http://images.amazon.com/images/P/0316969443.01.LZZZZZZZ.jpg
0316693200,2nd Chance,James Patterson,2002,"Little, Brown",http://images.amazon.com/images/P/0316693200.01.LZZZZZZZ.jpg
0064407667,"The Bad Beginning (A Series of Unfortunate Events, Book 1)",Lemony Snicket,1999,HarperCollins,http://images.amazon.com/images/P/0064407667.01.LZZZZZZZ.jpg
0316776963,Me Talk Pretty One Day,David Sedaris,2001,Back Bay Books,http://images.amazon.com/images/P/0316776963.01.LZZZZZZZ.jpg
038529929X,Hannibal,Thomas Harris,1999,Del Sol Press,http://images.amazon.com/images/P/038529929X.01.LZZZZZZZ.jpg
1573229571,About a Boy (Movie Tie-In),Nick Hornby,2002,Riverhead Books,http://images.amazon.com/images/P/1573229571.01.LZZZZZZZ.jpg
0743211383,Dreamcatcher,Stephen King,2001,Scribner,http://images.amazon.com/images/P/0743211383.01.LZZZZZZZ.jpg
0345391802,The Hitchhiker's Guide to the Galaxy,Douglas Adams,1995,Ballantine Books,http://images.amazon.com/images/P/0345391802.01.LZZZZZZZ.jpg
0440219078,The Giver (21st Century Reference),LOIS LOWRY,1994,Laure Leaf,http://images.amazon.com/images/P/0440219078.01.LZZZZZZZ.jpg
0385493800,The Testament,John Grisham,1999,Doubleday Books,http://images.amazon.com/images/P/0385493800.01.LZZZZZZZ.jpg
0440211727,A Time to Kill,JOHN GRISHAM,1992,Dell,http://images.amazon.com/images/P/0440211727.01.LZZZZZZZ.jpg
038533334X,Charming Billy,Alice McDermott,1999,Delta,http://images.amazon.com/images/P/038533334X.01.LZZZZZZZ.jpg
0312422156,Middlesex: A Novel,Jeffrey Eugenides,2003,Picador,http://images.amazon.com/images/P/0312422156.01.LZZZZZZZ.jpg
044022165X,The Rainmaker,JOHN GRISHAM,1996,Dell,http://images.amazon.com/images/P/044022165X.01.LZZZZZZZ.jpg
0312282990,The Amazing Adventures of Kavalier &amp; Clay,Michael Chabon,2001,Picador,http://images.amazon.com/images/P/0312282990.01.LZZZZZZZ.jpg
0394820371,The Phantom Tollbooth,Norton Juster,1993,Yearling Books,http://images.amazon.com/images/P/0394820371.01.LZZZZZZZ.jpg
0345348036,The Princess Bride: S Morgenstern's Classic Tale of True Love and High Adventure,WILLIAM GOLDMAN,1987,Del Rey,http://images.amazon.com/images/P/0345348036.01.LZZZZZZZ.jpg
0671510053,SHIPPING NEWS,Annie Proulx,1994,Scribner,http://images.amazon.com/images/P/0671510053.01.LZZZZZZZ.jpg
055321313X,Anne of Green Gables (Anne of Green Gables Novels (Paperback)),L.M. MONTGOMERY,1982,Bantam Classics,http://images.amazon.com/images/P/055321313X.01.LZZZZZZZ.jpg
0743237188,Fall On Your Knees (Oprah #45),Ann-Marie MacDonald,2002,Touchstone,http://images.amazon.com/images/P/0743237188.01.LZZZZZZZ.jpg
0345443284,While I Was Gone,Sue Miller,1999,Ballantine Books,http://images.amazon.com/images/P/0345443284.01.LZZZZZZZ.jpg
0553273914,The House of the Spirits,Isabel Allende,1986,Bantam Books,http://images.amazon.com/images/P/0553273914.01.LZZZZZZZ.jpg
039592720X,Interpreter of Maladies,Jhumpa Lahiri,1999,Houghton Mifflin Co,http://images.amazon.com/images/P/039592720X.01.LZZZZZZZ.jpg
0060928336,Divine Secrets of the Ya-Ya Sisterhood: A Novel,Rebecca Wells,1997,Perennial,http://images.amazon.com/images/P/0060928336.01.LZZZZZZZ.jpg
0671003755,She's Come Undone (Oprah's Book Club (Paperback)),Wally Lamb,1996,Washington Square Press,http://images.amazon.com/images/P/0671003755.01.LZZZZZZZ.jpg
0440215625,Dragonfly in Amber,DIANA GABALDON,1993,Dell,http://images.amazon.com/images/P/0440215625.01.LZZZZZZZ.jpg
0316777730,Naked,David Sedaris,1998,Back Bay Books,http://images.amazon.com/images/P/0316777730.01.LZZZZZZZ.jpg
0446601241,Kiss the Girls,James Patterson,1995,Warner Books,http://images.amazon.com/images/P/0446601241.01.LZZZZZZZ.jpg
0345384466,The Witching Hour (Lives of the Mayfair Witches),ANNE RICE,1993,Ballantine Books,http://images.amazon.com/images/P/0345384466.01.LZZZZZZZ.jpg
0446604801,Jack &amp; Jill (Alex Cross Novels),James Patterson,1997,Warner Books,http://images.amazon.com/images/P/0446604801.01.LZZZZZZZ.jpg
0679734775,The House on Mango Street (Vintage Contemporaries),SANDRA CISNEROS,1991,Vintage,http://images.amazon.com/images/P/0679734775.01.LZZZZZZZ.jpg
0671027344,The Perks of Being a Wallflower,Stephen Chbosky,1999,MTV,http://images.amazon.com/images/P/0671027344.01.LZZZZZZZ.jpg
0380789035,American Gods,Neil Gaiman,2002,HarperTorch,http://images.amazon.com/images/P/0380789035.01.LZZZZZZZ.jpg
0440206154,Red Dragon,Thomas Harris,2000,Dell Publishing Company,http://images.amazon.com/images/P/0440206154.01.LZZZZZZZ.jpg
0345370775,Jurassic Park,Michael Crichton,1999,Ballantine Books,http://images.amazon.com/images/P/0345370775.01.LZZZZZZZ.jpg
0380789019,Neverwhere,Neil Gaiman,1998,Avon,http://images.amazon.com/images/P/0380789019.01.LZZZZZZZ.jpg
0380018179,The Thorn Birds,Colleen McCullough,1978,Avon,http://images.amazon.com/images/P/0380018179.01.LZZZZZZZ.jpg
0099771519,Memoirs of a Geisha Uk,Arthur Golden,0,Trafalgar Square,http://images.amazon.com/images/P/0099771519.01.LZZZZZZZ.jpg
0380813815,"Lamb : The Gospel According to Biff, Christ's Childhood Pal",Christopher Moore,2003,Perennial,http://images.amazon.com/images/P/0380813815.01.LZZZZZZZ.jpg
1573225789,The Color of Water: A Black Man's Tribute to His White Mother,James McBride,1997,Riverhead Books,http://images.amazon.com/images/P/1573225789.01.LZZZZZZZ.jpg
0553296981,Anne Frank: The Diary of a Young Girl,ANNE FRANK,1993,Bantam,http://images.amazon.com/images/P/0553296981.01.LZZZZZZZ.jpg
0451169530,The Stand: Complete and Uncut,Stephen King,1991,Signet Book,http://images.amazon.com/images/P/0451169530.01.LZZZZZZZ.jpg
0385335881,Shopaholic Takes Manhattan (Summer Display Opportunity),Sophie Kinsella,2002,Delta,http://images.amazon.com/images/P/0385335881.01.LZZZZZZZ.jpg
0385335482,Confessions of a Shopaholic (Summer Display Opportunity),SOPHIE KINSELLA,2001,Delta,http://images.amazon.com/images/P/0385335482.01.LZZZZZZZ.jpg
0441003257,Good Omens,Neil Gaiman,1996,Ace Books,http://images.amazon.com/images/P/0441003257.01.LZZZZZZZ.jpg
0446606812,Message in a Bottle,Nicholas Sparks,1999,Warner Vision,http://images.amazon.com/images/P/0446606812.01.LZZZZZZZ.jpg
0671028375,Fatal Voyage,Kathy Reichs,2002,Pocket,http://images.amazon.com/images/P/0671028375.01.LZZZZZZZ.jpg
0060930535,The Poisonwood Bible: A Novel,Barbara Kingsolver,1999,Perennial,http://images.amazon.com/images/P/0060930535.01.LZZZZZZZ.jpg
0375702709,A Lesson Before Dying (Vintage Contemporaries (Paperback)),Ernest J. Gaines,1997,Vintage Books USA,http://images.amazon.com/images/P/0375702709.01.LZZZZZZZ.jpg
0671038184,Jewel,Bret Lott,1999,Washington Square Press,http://images.amazon.com/images/P/0671038184.01.LZZZZZZZ.jpg
0060916508,Their Eyes Were Watching God: A Novel,Zora Neale Hurston,1990,Perennial,http://images.amazon.com/images/P/0060916508.01.LZZZZZZZ.jpg
0345361792,A Prayer for Owen Meany,John Irving,1990,Ballantine Books,http://images.amazon.com/images/P/0345361792.01.LZZZZZZZ.jpg
0743225406,The Shipping News : A Novel,Annie Proulx,2001,Scribner,http://images.amazon.com/images/P/0743225406.01.LZZZZZZZ.jpg
1400034779,The No. 1 Ladies' Detective Agency (Today Show Book Club #8),Alexander McCall Smith,2003,Anchor,http://images.amazon.com/images/P/1400034779.01.LZZZZZZZ.jpg
0786885688,Shopgirl,Steve Martin,2001,Hyperion,http://images.amazon.com/images/P/0786885688.01.LZZZZZZZ.jpg
037570504X,"Breath, Eyes, Memory",Edwidge Danticat,1998,Vintage Books USA,http://images.amazon.com/images/P/037570504X.01.LZZZZZZZ.jpg
0767902521,A Walk in the Woods: Rediscovering America on the Appalachian Trail (Official Guides to the Appalachian Trail),Bill Bryson,1999,Broadway Books,http://images.amazon.com/images/P/0767902521.01.LZZZZZZZ.jpg
080410753X,The Kitchen God's Wife,Amy Tan,1992,Ivy Books,http://images.amazon.com/images/P/080410753X.01.LZZZZZZZ.jpg
0140244824,Songs in Ordinary Time (Oprah's Book Club (Paperback)),Mary McGarry Morris,1996,Penguin Books,http://images.amazon.com/images/P/0140244824.01.LZZZZZZZ.jpg
0385510438,The Last Juror,John Grisham,2004,Doubleday,http://images.amazon.com/images/P/0385510438.01.LZZZZZZZ.jpg
014025448X,At Home in Mitford (The Mitford Years),Jan Karon,1996,Viking Books,http://images.amazon.com/images/P/014025448X.01.LZZZZZZZ.jpg
0060934417,Bel Canto: A Novel,Ann Patchett,2002,Perennial,http://images.amazon.com/images/P/0060934417.01.LZZZZZZZ.jpg
0671793489,All Around the Town,Mary Higgins Clark,1993,Pocket Star,http://images.amazon.com/images/P/0671793489.01.LZZZZZZZ.jpg
0440224624,The Loop,Nicholas Evans,1999,Dell Publishing Company,http://images.amazon.com/images/P/0440224624.01.LZZZZZZZ.jpg
0743418174,Good in Bed,Jennifer Weiner,2002,Washington Square Press,http://images.amazon.com/images/P/0743418174.01.LZZZZZZZ.jpg
0375703055,Ellen Foster,Kaye Gibbons,1997,Vintage Books,http://images.amazon.com/images/P/0375703055.01.LZZZZZZZ.jpg
0312243022,The Hours : A Novel,Michael Cunningham,2000,Picador,http://images.amazon.com/images/P/0312243022.01.LZZZZZZZ.jpg
0375700757,Cold Mountain : A Novel,CHARLES FRAZIER,1998,Vintage,http://images.amazon.com/images/P/0375700757.01.LZZZZZZZ.jpg
0070212570,Fried Green Tomatoes at the Whistle Stop Cafe,Fannie Flagg,1989,McGraw-Hill,http://images.amazon.com/images/P/0070212570.01.LZZZZZZZ.jpg
0316781266,The Last Time They Met : A Novel,Anita Shreve,2002,Back Bay Books,http://images.amazon.com/images/P/0316781266.01.LZZZZZZZ.jpg
0375725784,A Heartbreaking Work of Staggering Genius,Dave Eggers,2001,Vintage Books USA,http://images.amazon.com/images/P/0375725784.01.LZZZZZZZ.jpg
0345436911,The Dress Lodger (Ballantine Reader's Circle),Sheri Holman,2001,Ballantine Books,http://images.amazon.com/images/P/0345436911.01.LZZZZZZZ.jpg
0345339703,"The Fellowship of the Ring (The Lord of the Rings, Part 1)",J.R.R. TOLKIEN,1986,Del Rey,http://images.amazon.com/images/P/0345339703.01.LZZZZZZZ.jpg
0671042262,The Blue Nowhere : A Novel,Jeffery Deaver,2002,Pocket,http://images.amazon.com/images/P/0671042262.01.LZZZZZZZ.jpg
0679731148,A Year in Provence,Peter Mayle,1991,Vintage Books USA,http://images.amazon.com/images/P/0679731148.01.LZZZZZZZ.jpg
0440226430,Summer Sisters,Judy Blume,1999,Dell Publishing Company,http://images.amazon.com/images/P/0440226430.01.LZZZZZZZ.jpg
089480829X,What to Expect When You're Expecting (Revised Edition),Arlene Eisenberg,1996,Workman Pub Co,http://images.amazon.com/images/P/089480829X.01.LZZZZZZZ.jpg
0894805770,What to Expect the First Year,Arlene Eisenberg,1989,Workman Publishing,http://images.amazon.com/images/P/0894805770.01.LZZZZZZZ.jpg
0688177751,Miss Julia Speaks Her Mind : A Novel,Ann B. Ross,2000,Perennial,http://images.amazon.com/images/P/0688177751.01.LZZZZZZZ.jpg
0345438329,Big Stone Gap: A Novel (Ballantine Reader's Circle),Adriana Trigiani,2001,Ballantine Books,http://images.amazon.com/images/P/0345438329.01.LZZZZZZZ.jpg
0375707972,The Reader,Bernhard Schlink,1999,Vintage Books USA,http://images.amazon.com/images/P/0375707972.01.LZZZZZZZ.jpg
0345446860,Back When We Were Grownups : A Novel (Ballantine Reader's Circle),ANNE TYLER,2002,Ballantine Books,http://images.amazon.com/images/P/0345446860.01.LZZZZZZZ.jpg
0312990456,One for the Money (A Stephanie Plum Novel),Janet Evanovich,2003,St. Martin's Paperbacks,http://images.amazon.com/images/P/0312990456.01.LZZZZZZZ.jpg
0316969680,The Beach House,James Patterson,2002,"Little, Brown",http://images.amazon.com/images/P/0316969680.01.LZZZZZZZ.jpg
0399501487,Lord of the Flies,William Gerald Golding,1959,Perigee Trade,http://images.amazon.com/images/P/0399501487.01.LZZZZZZZ.jpg
0440224764,The Partner,John Grisham,1998,Dell Publishing Company,http://images.amazon.com/images/P/0440224764.01.LZZZZZZZ.jpg
0553572997,The Alienist,Caleb Carr,1995,Bantam Books,http://images.amazon.com/images/P/0553572997.01.LZZZZZZZ.jpg
0385486804,Into the Wild,Jon Krakauer,1997,Anchor,http://images.amazon.com/images/P/0385486804.01.LZZZZZZZ.jpg
0385512104,The Curious Incident of the Dog in the Night-Time (Today Show Book Club #13),Mark Haddon,2003,Doubleday,http://images.amazon.com/images/P/0385512104.01.LZZZZZZZ.jpg
0440236673,The Brethren,John Grisham,2000,Island,http://images.amazon.com/images/P/0440236673.01.LZZZZZZZ.jpg
0440235162,The Smoke Jumper,Nicholas Evans,2002,Dell Publishing Company,http://images.amazon.com/images/P/0440235162.01.LZZZZZZZ.jpg
0425158616,Cause of Death,Patricia Daniels Cornwell,1997,Berkley Publishing Group,http://images.amazon.com/images/P/0425158616.01.LZZZZZZZ.jpg
0062502182,The Alchemist: A Fable About Following Your Dream,Paulo Coelho,1995,HarperSanFrancisco,http://images.amazon.com/images/P/0062502182.01.LZZZZZZZ.jpg
0060175400,The Poisonwood Bible,Barbara Kingsolver,1999,HarperCollins,http://images.amazon.com/images/P/0060175400.01.LZZZZZZZ.jpg
0425169863,Point of Origin,Patricia Daniels Cornwell,1999,Berkley Publishing Group,http://images.amazon.com/images/P/0425169863.01.LZZZZZZZ.jpg
0345380371,Rising Sun,MICHAEL CRICHTON,1992,Ballantine Books,http://images.amazon.com/images/P/0345380371.01.LZZZZZZZ.jpg
0446610038,1st to Die: A Novel,James Patterson,2002,Warner Vision,http://images.amazon.com/images/P/0446610038.01.LZZZZZZZ.jpg
0385492081,Into Thin Air : A Personal Account of the Mt. Everest Disaster,JON KRAKAUER,1998,Anchor,http://images.amazon.com/images/P/0385492081.01.LZZZZZZZ.jpg
067976402X,Snow Falling on Cedars,David Guterson,1995,Vintage Books USA,http://images.amazon.com/images/P/067976402X.01.LZZZZZZZ.jpg
0743457358,Everything's Eventual : 14 Dark Tales,Stephen King,2002,Pocket,http://images.amazon.com/images/P/0743457358.01.LZZZZZZZ.jpg
0425167313,Here on Earth,Alice Hoffman,1998,Berkley Publishing Group,http://images.amazon.com/images/P/0425167313.01.LZZZZZZZ.jpg
034540288X,The Lost World,Michael Crichton,1996,Ballantine Books,http://images.amazon.com/images/P/034540288X.01.LZZZZZZZ.jpg
0609610597,"The Shelters of Stone (Earth's Children Series, No 5)",JEAN M. AUEL,2002,Crown,http://images.amazon.com/images/P/0609610597.01.LZZZZZZZ.jpg
0316182540,White Oleander : A Novel,Janet Fitch,2001,"Little, Brown",http://images.amazon.com/images/P/0316182540.01.LZZZZZZZ.jpg
0449212602,The Handmaid's Tale,Margaret Atwood,1989,Fawcett Books,http://images.amazon.com/images/P/0449212602.01.LZZZZZZZ.jpg
0684867621,The Girl Who Loved Tom Gordon : A Novel,Stephen King,1999,Scribner,http://images.amazon.com/images/P/0684867621.01.LZZZZZZZ.jpg
0345413903,The Murder Book,Jonathan Kellerman,2003,Ballantine Books,http://images.amazon.com/images/P/0345413903.01.LZZZZZZZ.jpg
0316569321,White Oleander : A Novel,Janet Fitch,1999,"Little, Brown",http://images.amazon.com/images/P/0316569321.01.LZZZZZZZ.jpg
0553375407,Ishmael: An Adventure of the Mind and Spirit,Daniel Quinn,1995,Bantam,http://images.amazon.com/images/P/0553375407.01.LZZZZZZZ.jpg
0671024248,Hearts In Atlantis,Stephen King,2000,Pocket,http://images.amazon.com/images/P/0671024248.01.LZZZZZZZ.jpg
0375727132,The Dive From Clausen's Pier : A Novel (Vintage Contemporaries (Paperback)),ANN PACKER,2003,Vintage,http://images.amazon.com/images/P/0375727132.01.LZZZZZZZ.jpg
0446607711,The Simple Truth,David Baldacci,1999,Warner Books,http://images.amazon.com/images/P/0446607711.01.LZZZZZZZ.jpg
0451524934,1984,George Orwell,1990,Signet Book,http://images.amazon.com/images/P/0451524934.01.LZZZZZZZ.jpg
0345350499,The Mists of Avalon,MARION ZIMMER BRADLEY,1987,Del Rey,http://images.amazon.com/images/P/0345350499.01.LZZZZZZZ.jpg
0312976275,Hot Six : A Stephanie Plum Novel (A Stephanie Plum Novel),Janet Evanovich,2001,St. Martin's Paperbacks,http://images.amazon.com/images/P/0312976275.01.LZZZZZZZ.jpg
0767905180,Jemima J: A Novel About Ugly Ducklings and Swans,Jane Green,2001,Broadway Books,http://images.amazon.com/images/P/0767905180.01.LZZZZZZZ.jpg
059035342X,Harry Potter and the Sorcerer's Stone (Harry Potter (Paperback)),J. K. Rowling,1999,Arthur A. Levine Books,http://images.amazon.com/images/P/059035342X.01.LZZZZZZZ.jpg
038082101X,Daughter of Fortune: A Novel,Isabel Allende,2001,HarperTorch,http://images.amazon.com/images/P/038082101X.01.LZZZZZZZ.jpg
0671708635,Seven Habits Of Highly Effective People,Stephen R. Covey,1990,Free Press,http://images.amazon.com/images/P/0671708635.01.LZZZZZZZ.jpg
0345342968,Fahrenheit 451,RAY BRADBURY,1987,Del Rey,http://images.amazon.com/images/P/0345342968.01.LZZZZZZZ.jpg
0812550706,Ender's Game (Ender Wiggins Saga (Paperback)),Orson Scott Card,1994,Tor Books,http://images.amazon.com/images/P/0812550706.01.LZZZZZZZ.jpg
0345378482,The Andromeda Strain,MICHAEL CRICHTON,1992,Ballantine Books,http://images.amazon.com/images/P/0345378482.01.LZZZZZZZ.jpg
0671758896,"Loves Music, Loves to Dance",Mary Higgins Clark,1992,Pocket,http://images.amazon.com/images/P/0671758896.01.LZZZZZZZ.jpg
0451177096,Dolores Claiborne,Stephen King,2004,Signet Book,http://images.amazon.com/images/P/0451177096.01.LZZZZZZZ.jpg
0812511816,"The Eye of the World (The Wheel of Time, Book 1)",Robert Jordan,1990,Tor Fantasy,http://images.amazon.com/images/P/0812511816.01.LZZZZZZZ.jpg
0385484518,"Tuesdays with Morrie: An Old Man, a Young Man, and Life's Greatest Lesson",MITCH ALBOM,1997,Doubleday,http://images.amazon.com/images/P/0385484518.01.LZZZZZZZ.jpg
0060922532,Pigs in Heaven,Barbara Kingsolver,1994,Perennial,http://images.amazon.com/images/P/0060922532.01.LZZZZZZZ.jpg
0440236703,Tell No One,Harlan Coben,2002,Dell Publishing Company,http://images.amazon.com/images/P/0440236703.01.LZZZZZZZ.jpg
1592400876,"Eats, Shoots &amp; Leaves: The Zero Tolerance Approach to Punctuation",Lynne Truss,2004,Gotham Books,http://images.amazon.com/images/P/1592400876.01.LZZZZZZZ.jpg
0425175405,Black Notice,Patricia Daniels Cornwell,2000,Berkley Publishing Group,http://images.amazon.com/images/P/0425175405.01.LZZZZZZZ.jpg
0380731851,Mystic River,Dennis Lehane,2002,HarperTorch,http://images.amazon.com/images/P/0380731851.01.LZZZZZZZ.jpg
0446604666,Sick Puppy,Carl Hiaasen,2001,Warner Vision,http://images.amazon.com/images/P/0446604666.01.LZZZZZZZ.jpg
0061015725,Prey,Michael Crichton,2003,Avon Books,http://images.amazon.com/images/P/0061015725.01.LZZZZZZZ.jpg
0553579754,Fear Nothing,DEAN KOONTZ,1998,Bantam,http://images.amazon.com/images/P/0553579754.01.LZZZZZZZ.jpg
0449221482,J Is for Judgment,Sue Grafton,1999,Fawcett Books,http://images.amazon.com/images/P/0449221482.01.LZZZZZZZ.jpg
0553279912,A Is for Alibi (Kinsey Millhone Mysteries (Paperback)),SUE GRAFTON,1987,Bantam,http://images.amazon.com/images/P/0553279912.01.LZZZZZZZ.jpg
0345353145,Sphere,MICHAEL CRICHTON,1988,Ballantine Books,http://images.amazon.com/images/P/0345353145.01.LZZZZZZZ.jpg
0440214041,The Pelican Brief,John Grisham,1993,Dell,http://images.amazon.com/images/P/0440214041.01.LZZZZZZZ.jpg
0140298479,Bridget Jones: The Edge of Reason,Helen Fielding,2001,Penguin Books,http://images.amazon.com/images/P/0140298479.01.LZZZZZZZ.jpg
0345337662,Interview with the Vampire,Anne Rice,1993,Ballantine Books,http://images.amazon.com/images/P/0345337662.01.LZZZZZZZ.jpg
0345351525,The Queen of the Damned (Vampire Chronicles (Paperback)),Anne Rice,1993,Ballantine Books,http://images.amazon.com/images/P/0345351525.01.LZZZZZZZ.jpg
0449003787,"\O\"" Is for Outlaw""",SUE GRAFTON,2001,Ballantine Books,http://images.amazon.com/images/P/0449003787.01.LZZZZZZZ.jpg
0385265700,The Book of Ruth (Oprah's Book Club (Paperback)),Jane Hamilton,1990,Anchor,http://images.amazon.com/images/P/0385265700.01.LZZZZZZZ.jpg
1573229326,How to Be Good,Nick Hornby,2002,Riverhead Books,http://images.amazon.com/images/P/1573229326.01.LZZZZZZZ.jpg
0671617028,The Color Purple,Alice Walker,1985,Pocket Books,http://images.amazon.com/images/P/0671617028.01.LZZZZZZZ.jpg
0446605239,The Notebook,Nicholas Sparks,1998,Warner Books,http://images.amazon.com/images/P/0446605239.01.LZZZZZZZ.jpg
0385335830,Diary of a Mad Bride (Summer Display Opportunity),Laura Wolf,2002,Delta,http://images.amazon.com/images/P/0385335830.01.LZZZZZZZ.jpg
0515130389,Carolina Moon,Nora Roberts,2001,Jove Books,http://images.amazon.com/images/P/0515130389.01.LZZZZZZZ.jpg
0142004235,East of Eden (Oprah's Book Club),John Steinbeck,2003,Penguin Books,http://images.amazon.com/images/P/0142004235.01.LZZZZZZZ.jpg
0515135062,Three Fates,Nora Roberts,2004,Jove Books,http://images.amazon.com/images/P/0515135062.01.LZZZZZZZ.jpg
0743412028,Pay It Forward,Catherine Ryan Hyde,2000,Pocket,http://images.amazon.com/images/P/0743412028.01.LZZZZZZZ.jpg
0452269571,Bastard Out of Carolina,Dorothy Allison,1993,Plume Books,http://images.amazon.com/images/P/0452269571.01.LZZZZZZZ.jpg
051513287X,Face the Fire (Three Sisters Island Trilogy),Nora Roberts,2002,Jove Books,http://images.amazon.com/images/P/051513287X.01.LZZZZZZZ.jpg
0060392452,Stupid White Men ...and Other Sorry Excuses for the State of the Nation!,Michael Moore,2002,Regan Books,http://images.amazon.com/images/P/0060392452.01.LZZZZZZZ.jpg
0590353403,Harry Potter and the Sorcerer's Stone (Book 1),J. K. Rowling,1998,Scholastic,http://images.amazon.com/images/P/0590353403.01.LZZZZZZZ.jpg
0446532231,"Dude, Where's My Country?",Michael Moore,2003,Warner Books,http://images.amazon.com/images/P/0446532231.01.LZZZZZZZ.jpg
0385498802,Bee Season: A Novel,Myla Goldberg,2001,Anchor Books/Doubleday,http://images.amazon.com/images/P/0385498802.01.LZZZZZZZ.jpg
0312291639,The Nanny Diaries: A Novel,Emma McLaughlin,2003,St. Martin's Griffin,http://images.amazon.com/images/P/0312291639.01.LZZZZZZZ.jpg
0684874350,ANGELA'S ASHES,Frank McCourt,1996,Scribner,http://images.amazon.com/images/P/0684874350.01.LZZZZZZZ.jpg
0446611212,Violets Are Blue,James Patterson,2002,Warner Vision,http://images.amazon.com/images/P/0446611212.01.LZZZZZZZ.jpg
0440241537,The King of Torts,JOHN GRISHAM,2003,Dell,http://images.amazon.com/images/P/0440241537.01.LZZZZZZZ.jpg
034538475X,The Tale of the Body Thief (Vampire Chronicles (Paperback)),Anne Rice,1993,Ballantine Books,http://images.amazon.com/images/P/034538475X.01.LZZZZZZZ.jpg
0380718340,Cruel &amp; Unusual (Kay Scarpetta Mysteries (Paperback)),Patricia D. Cornwell,1994,Avon,http://images.amazon.com/images/P/0380718340.01.LZZZZZZZ.jpg
0142001805,The Eyre Affair: A Novel,Jasper Fforde,2003,Penguin Books,http://images.amazon.com/images/P/0142001805.01.LZZZZZZZ.jpg
0425147622,The Body Farm,Patricia Daniels Cornwell,1995,Berkley Publishing Group,http://images.amazon.com/images/P/0425147622.01.LZZZZZZZ.jpg
0312305060,The Hours: A Novel,Michael Cunningham,2002,Picador,http://images.amazon.com/images/P/0312305060.01.LZZZZZZZ.jpg
0375706771,Midwives: A Novel,Chris Bohjalian,1998,Vintage,http://images.amazon.com/images/P/0375706771.01.LZZZZZZZ.jpg
0452260116,Song of Solomon (Oprah's Book Club (Paperback)),Toni Morrison,1987,Plume Books,http://images.amazon.com/images/P/0452260116.01.LZZZZZZZ.jpg
0451191145,Atlas Shrugged,Ayn Rand,1996,Signet Book,http://images.amazon.com/images/P/0451191145.01.LZZZZZZZ.jpg
0060987561,I Know This Much Is True,Wally Lamb,1999,Regan Books,http://images.amazon.com/images/P/0060987561.01.LZZZZZZZ.jpg
0312265867,To the Nines: A Stephanie Plum Novel,Janet Evanovich,2003,St. Martin's Press,http://images.amazon.com/images/P/0312265867.01.LZZZZZZZ.jpg
0786881852,Don't Sweat the Small Stuff and It's All Small Stuff : Simple Ways to Keep the Little Things from Taking Over Your Life (Don't Sweat the Small Stuff Series),Richard Carlson,1997,Hyperion,http://images.amazon.com/images/P/0786881852.01.LZZZZZZZ.jpg
1559029838,Call of the Wild,Jack London,0,Selldowns/no More Orders,http://images.amazon.com/images/P/1559029838.01.LZZZZZZZ.jpg
0679746048,"Girl, Interrupted",SUSANNA KAYSEN,1994,Vintage,http://images.amazon.com/images/P/0679746048.01.LZZZZZZZ.jpg
0446610100,Wish You Well,David Baldacci,2001,Warner Books,http://images.amazon.com/images/P/0446610100.01.LZZZZZZZ.jpg
0312966970,Four To Score (A Stephanie Plum Novel),Janet Evanovich,1999,St. Martin's Paperbacks,http://images.amazon.com/images/P/0312966970.01.LZZZZZZZ.jpg
0380002930,Watership Down,Richard Adams,1976,Avon,http://images.amazon.com/images/P/0380002930.01.LZZZZZZZ.jpg
0312971346,High Five (A Stephanie Plum Novel),Janet Evanovich,2000,St. Martin's Paperbacks,http://images.amazon.com/images/P/0312971346.01.LZZZZZZZ.jpg
0060958022,Five Quarters of the Orange,Joanne Harris,2002,Perennial,http://images.amazon.com/images/P/0060958022.01.LZZZZZZZ.jpg
0385474016,"Like Water for Chocolate: A Novel in Monthly Installments With Recipes, Romances and Home Remedies",Laura Esquivel,1994,Anchor Books/Doubleday,http://images.amazon.com/images/P/0385474016.01.LZZZZZZZ.jpg
0375412824,The Dive From Clausen's Pier (Alex Awards),ANN PACKER,2002,Knopf,http://images.amazon.com/images/P/0375412824.01.LZZZZZZZ.jpg
1558743669,"A Child Called \It\"": One Child's Courage to Survive""",Dave Pelzer,1995,Health Communications,http://images.amazon.com/images/P/1558743669.01.LZZZZZZZ.jpg
0553582135,Final Target,Iris Johansen,2002,Bantam Books,http://images.amazon.com/images/P/0553582135.01.LZZZZZZZ.jpg
0385720106,A Map of the World,Jane Hamilton,1999,Anchor Books/Doubleday,http://images.amazon.com/images/P/0385720106.01.LZZZZZZZ.jpg
0553208845,Siddhartha,Hermann Hesse,1981,Bantam Classics,http://images.amazon.com/images/P/0553208845.01.LZZZZZZZ.jpg
0842329218,Tribulation Force: The Continuing Drama of Those Left Behind (Left Behind No. 2),Tim LaHaye,1997,Tyndale House Publishers,http://images.amazon.com/images/P/0842329218.01.LZZZZZZZ.jpg
0440221471,The Runaway Jury,JOHN GRISHAM,1997,Dell,http://images.amazon.com/images/P/0440221471.01.LZZZZZZZ.jpg
0425143325,Without Remorse,Tom Clancy,2004,Berkley Publishing Group,http://images.amazon.com/images/P/0425143325.01.LZZZZZZZ.jpg
0743411250,The Woman Next Door,Barbara Delinsky,2002,Pocket,http://images.amazon.com/images/P/0743411250.01.LZZZZZZZ.jpg
0060502258,The Divine Secrets of the Ya-Ya Sisterhood: A Novel,Rebecca Wells,2002,HarperTorch,http://images.amazon.com/images/P/0060502258.01.LZZZZZZZ.jpg
0345339681,The Hobbit : The Enchanting Prelude to The Lord of the Rings,J.R.R. TOLKIEN,1986,Del Rey,http://images.amazon.com/images/P/0345339681.01.LZZZZZZZ.jpg
1558744630,Chicken Soup for the Teenage Soul (Chicken Soup for the Soul),Jack Canfield,1997,Health Communications,http://images.amazon.com/images/P/1558744630.01.LZZZZZZZ.jpg
0671004107,Contact,Carl Sagan,1997,Pocket,http://images.amazon.com/images/P/0671004107.01.LZZZZZZZ.jpg
0439064872,Harry Potter and the Chamber of Secrets (Book 2),J. K. Rowling,2000,Scholastic,http://images.amazon.com/images/P/0439064872.01.LZZZZZZZ.jpg
1400032717,The Curious Incident of the Dog in the Night-Time (Vintage Contemporaries),Mark Haddon,2004,Vintage,http://images.amazon.com/images/P/1400032717.01.LZZZZZZZ.jpg
0061097314,The Bean Trees,Barbara Kingsolver,1998,HarperTorch,http://images.amazon.com/images/P/0061097314.01.LZZZZZZZ.jpg
0140119906,Love in the Time of Cholera (Penguin Great Books of the 20th Century),Gabriel Garcia Marquez,1994,Penguin Books,http://images.amazon.com/images/P/0140119906.01.LZZZZZZZ.jpg
0553579606,Ashes to Ashes,TAMI HOAG,2000,Bantam,http://images.amazon.com/images/P/0553579606.01.LZZZZZZZ.jpg
006099486X,"The Professor and the Madman: A Tale of Murder, Insanity, and the Making of The Oxford English Dictionary",Simon Winchester,1999,Perennial,http://images.amazon.com/images/P/006099486X.01.LZZZZZZZ.jpg
0446359866,Presumed Innocent,Scott Turow,1989,Warner Books,http://images.amazon.com/images/P/0446359866.01.LZZZZZZZ.jpg
0446612790,2nd Chance,James Patterson,2003,Warner Vision,http://images.amazon.com/images/P/0446612790.01.LZZZZZZZ.jpg
002542730X,Politically Correct Bedtime Stories: Modern Tales for Our Life and Times,James Finn Garner,1994,John Wiley &amp; Sons Inc,http://images.amazon.com/images/P/002542730X.01.LZZZZZZZ.jpg
0451203895,4 Blondes,Candace Bushnell,2002,Signet Book,http://images.amazon.com/images/P/0451203895.01.LZZZZZZZ.jpg
0553272535,Night,Elie Wiesel,1982,Bantam Books,http://images.amazon.com/images/P/0553272535.01.LZZZZZZZ.jpg
068484477X,STONES FROM THE RIVER,Ursula Hegi,1997,Touchstone,http://images.amazon.com/images/P/068484477X.01.LZZZZZZZ.jpg
0452283205,Falling Angels,Tracy Chevalier,2002,Plume Books,http://images.amazon.com/images/P/0452283205.01.LZZZZZZZ.jpg
0553250531,The Valley of Horses,JEAN M. AUEL,1984,Bantam,http://images.amazon.com/images/P/0553250531.01.LZZZZZZZ.jpg
0440213525,The Client,John Grisham,1994,Dell Publishing Company,http://images.amazon.com/images/P/0440213525.01.LZZZZZZZ.jpg
0439136350,Harry Potter and the Prisoner of Azkaban (Book 3),J. K. Rowling,1999,Scholastic,http://images.amazon.com/images/P/0439136350.01.LZZZZZZZ.jpg
0064400557,Charlotte's Web (Trophy Newbery),E. B. White,1974,HarperTrophy,http://images.amazon.com/images/P/0064400557.01.LZZZZZZZ.jpg
0316096199,Lucky : A Memoir,Alice Sebold,2002,Back Bay Books,http://images.amazon.com/images/P/0316096199.01.LZZZZZZZ.jpg
0767905385,Catch Me If You Can: The True Story of a Real Fake,Stan Redding,2000,Broadway,http://images.amazon.com/images/P/0767905385.01.LZZZZZZZ.jpg
0440211263,Circle of Friends,Maeve Binchy,1991,Dell,http://images.amazon.com/images/P/0440211263.01.LZZZZZZZ.jpg
0553260111,The Bourne Identity,Robert Ludlum,1984,Bantam Books,http://images.amazon.com/images/P/0553260111.01.LZZZZZZZ.jpg
0767900383,Under the Tuscan Sun,Frances Mayes,1997,Broadway,http://images.amazon.com/images/P/0767900383.01.LZZZZZZZ.jpg
0684865742,Tis: A Memoir,Frank McCourt,2000,Scribner,http://images.amazon.com/images/P/0684865742.01.LZZZZZZZ.jpg
074343627X,Dreamcatcher,Stephen King,2001,Pocket,http://images.amazon.com/images/P/074343627X.01.LZZZZZZZ.jpg
067102423X,Bag of Bones,Stephen King,1999,Pocket,http://images.amazon.com/images/P/067102423X.01.LZZZZZZZ.jpg
0553268880,The Prince of Tides,Pat Conroy,1987,Bantam Books,http://images.amazon.com/images/P/0553268880.01.LZZZZZZZ.jpg
0316666009,1st to Die: A Novel,James Patterson,2001,Little Brown and Company,http://images.amazon.com/images/P/0316666009.01.LZZZZZZZ.jpg
0446611867,A Bend in the Road,Nicholas Sparks,2002,Warner Books,http://images.amazon.com/images/P/0446611867.01.LZZZZZZZ.jpg
0385336179,Shopaholic Ties the Knot,Sophie Kinsella,2003,Delta,http://images.amazon.com/images/P/0385336179.01.LZZZZZZZ.jpg
0553582755,One Door Away from Heaven,Dean R. Koontz,2002,Bantam Books,http://images.amazon.com/images/P/0553582755.01.LZZZZZZZ.jpg
044651652X,The Bridges of Madison County,Robert James Waller,1992,Warner Books,http://images.amazon.com/images/P/044651652X.01.LZZZZZZZ.jpg
0345339738,"The Return of the King (The Lord of the Rings, Part 3)",J.R.R. TOLKIEN,1986,Del Rey,http://images.amazon.com/images/P/0345339738.01.LZZZZZZZ.jpg
0446679593,Suzanne's Diary for Nicholas,James Patterson,2002,Warner Books,http://images.amazon.com/images/P/0446679593.01.LZZZZZZZ.jpg
1573225517,High Fidelity,Nick Hornby,1996,Riverhead Books,http://images.amazon.com/images/P/1573225517.01.LZZZZZZZ.jpg
0802130208,A Confederacy of Dunces (Evergreen Book),John Kennedy Toole,1987,Grove Press,http://images.amazon.com/images/P/0802130208.01.LZZZZZZZ.jpg
0156628708,Mrs Dalloway,Virginia Woolf,1990,Harvest Books,http://images.amazon.com/images/P/0156628708.01.LZZZZZZZ.jpg
0060199652,Prodigal Summer,Barbara Kingsolver,2000,HarperCollins,http://images.amazon.com/images/P/0060199652.01.LZZZZZZZ.jpg
034541389X,Flesh and Blood,Jonathan Kellerman,2002,Ballantine Books,http://images.amazon.com/images/P/034541389X.01.LZZZZZZZ.jpg
0316284955,White Oleander : A Novel (Oprah's Book Club),Janet Fitch,2000,Back Bay Books,http://images.amazon.com/images/P/0316284955.01.LZZZZZZZ.jpg
0060987529,Confessions of an Ugly Stepsister : A Novel,Gregory Maguire,2000,Regan Books,http://images.amazon.com/images/P/0060987529.01.LZZZZZZZ.jpg
0553277472,Zen and the Art of Motorcycle Maintenance: An Inquiry into Values,ROBERT PIRSIG,1984,Bantam,http://images.amazon.com/images/P/0553277472.01.LZZZZZZZ.jpg
067088300X,The Girls' Guide to Hunting and Fishing,Melissa Bank,1999,Viking Books,http://images.amazon.com/images/P/067088300X.01.LZZZZZZZ.jpg
0375727345,House of Sand and Fog,Andre Dubus III,2000,Vintage Books,http://images.amazon.com/images/P/0375727345.01.LZZZZZZZ.jpg
0375703861,White Teeth: A Novel,Zadie Smith,2001,Vintage Books USA,http://images.amazon.com/images/P/0375703861.01.LZZZZZZZ.jpg
0425152251,Sophie's World: A Novel About the History of Philosophy,Jostein Gaarder,1996,Berkley Publishing Group,http://images.amazon.com/images/P/0425152251.01.LZZZZZZZ.jpg
0312924585,Silence of the Lambs,Thomas Harris,1991,St. Martin's Press,http://images.amazon.com/images/P/0312924585.01.LZZZZZZZ.jpg
0385479565,The Hot Zone,Richard Preston,1995,Anchor,http://images.amazon.com/images/P/0385479565.01.LZZZZZZZ.jpg
0425162443,The Rapture of Canaan,Sheri Reynolds,1997,Berkley Publishing Group,http://images.amazon.com/images/P/0425162443.01.LZZZZZZZ.jpg
0515132020,Heaven and Earth (Three Sisters Island Trilogy),Nora Roberts,2003,Jove Books,http://images.amazon.com/images/P/0515132020.01.LZZZZZZZ.jpg
0515131229,Dance upon the Air (Three Sisters Island Trilogy),Nora Roberts,2003,Jove Books,http://images.amazon.com/images/P/0515131229.01.LZZZZZZZ.jpg
038079487X,What Looks Like Crazy On An Ordinary Day,Pearl Cleage,1998,Perennial,http://images.amazon.com/images/P/038079487X.01.LZZZZZZZ.jpg
0684872153,Angela's Ashes (MMP) : A Memoir,Frank McCourt,1999,Scribner,http://images.amazon.com/images/P/0684872153.01.LZZZZZZZ.jpg
0312421273,The Corrections: A Novel,Jonathan Franzen,2002,Picador USA,http://images.amazon.com/images/P/0312421273.01.LZZZZZZZ.jpg
0380977788,Coraline,Neil Gaiman,2002,HarperCollins,http://images.amazon.com/images/P/0380977788.01.LZZZZZZZ.jpg
0441304834,Guilty Pleasures (Anita Blake Vampire Hunter (Paperback)),Laurell K. Hamilton,1995,Ace Books,http://images.amazon.com/images/P/0441304834.01.LZZZZZZZ.jpg
0441790348,Stranger in a Strange Land (Remembering Tomorrow),Robert A. Heinlein,1995,ACE Charter,http://images.amazon.com/images/P/0441790348.01.LZZZZZZZ.jpg
0345391055,Disclosure,Michael Crichton,1994,Ballantine Books,http://images.amazon.com/images/P/0345391055.01.LZZZZZZZ.jpg
0374129983,The Corrections,Jonathan Franzen,2001,Farrar Straus &amp; Giroux,http://images.amazon.com/images/P/0374129983.01.LZZZZZZZ.jpg
0345413350,"The Golden Compass (His Dark Materials, Book 1)",PHILIP PULLMAN,1997,Del Rey,http://images.amazon.com/images/P/0345413350.01.LZZZZZZZ.jpg
0316601950,The Pilot's Wife : A Novel,Anita Shreve,1999,Back Bay Books,http://images.amazon.com/images/P/0316601950.01.LZZZZZZZ.jpg
1573227331,About a Boy,Nick Hornby,1999,Riverhead Books,http://images.amazon.com/images/P/1573227331.01.LZZZZZZZ.jpg
0066214122,Prey: A Novel,Michael Crichton,2002,HarperCollins,http://images.amazon.com/images/P/0066214122.01.LZZZZZZZ.jpg
0375502238,Blessings,ANNA QUINDLEN,2002,Random House,http://images.amazon.com/images/P/0375502238.01.LZZZZZZZ.jpg
0451183665,A Case of Need,Michael Crichton,1994,Signet Book,http://images.amazon.com/images/P/0451183665.01.LZZZZZZZ.jpg
0399150897,Blow Fly: A Scarpetta Novel,Patricia Cornwell,2003,Putnam Publishing Group,http://images.amazon.com/images/P/0399150897.01.LZZZZZZZ.jpg
038550926X,The Devil Wears Prada : A Novel,LAUREN WEISBERGER,2003,Doubleday,http://images.amazon.com/images/P/038550926X.01.LZZZZZZZ.jpg
0671004530,On the Street Where You Live,Mary Higgins Clark,2002,Pocket,http://images.amazon.com/images/P/0671004530.01.LZZZZZZZ.jpg
0060959037,Prodigal Summer: A Novel,Barbara Kingsolver,2001,Perennial,http://images.amazon.com/images/P/0060959037.01.LZZZZZZZ.jpg
014028009X,Bridget Jones's Diary,Helen Fielding,1999,Penguin Books,http://images.amazon.com/images/P/014028009X.01.LZZZZZZZ.jpg
0452282829,We Were the Mulvaneys,Joyce Carol Oates,1996,Plume,http://images.amazon.com/images/P/0452282829.01.LZZZZZZZ.jpg
0060929871,Brave New World,Aldous Huxley,1998,Perennial,http://images.amazon.com/images/P/0060929871.01.LZZZZZZZ.jpg
0385722206,Balzac and the Little Chinese Seamstress : A Novel,DAI SIJIE,2002,Anchor,http://images.amazon.com/images/P/0385722206.01.LZZZZZZZ.jpg
0142001430,Year of Wonders,Geraldine Brooks,2002,Penguin Books,http://images.amazon.com/images/P/0142001430.01.LZZZZZZZ.jpg
080410526X,All I Really Need to Know,ROBERT FULGHUM,1989,Ivy Books,http://images.amazon.com/images/P/080410526X.01.LZZZZZZZ.jpg
031242227X,Running with Scissors: A Memoir,Augusten Burroughs,2003,Picador USA,http://images.amazon.com/images/P/031242227X.01.LZZZZZZZ.jpg
0440235596,Tara Road,Maeve Binchy,2000,Dell Publishing Company,http://images.amazon.com/images/P/0440235596.01.LZZZZZZZ.jpg
042516098X,Hornet's Nest,Patricia Daniels Cornwell,1998,Berkley Publishing Group,http://images.amazon.com/images/P/042516098X.01.LZZZZZZZ.jpg
038549081X,The Handmaid's Tale : A Novel,Margaret Atwood,1998,Anchor,http://images.amazon.com/images/P/038549081X.01.LZZZZZZZ.jpg
0552998486,Chocolat,Joanne Harris,2000,Black Swan,http://images.amazon.com/images/P/0552998486.01.LZZZZZZZ.jpg
0671041789,The Green Mile,Stephen King,1999,Pocket,http://images.amazon.com/images/P/0671041789.01.LZZZZZZZ.jpg
0439139597,Harry Potter and the Goblet of Fire (Book 4),J. K. Rowling,2000,Scholastic,http://images.amazon.com/images/P/0439139597.01.LZZZZZZZ.jpg
0439064864,Harry Potter and the Chamber of Secrets (Book 2),J. K. Rowling,1999,Scholastic,http://images.amazon.com/images/P/0439064864.01.LZZZZZZZ.jpg
0440180295,Slaughterhouse Five or the Children's Crusade: A Duty Dance With Death,Kurt Vonnegut,1991,Laurel,http://images.amazon.com/images/P/0440180295.01.LZZZZZZZ.jpg
0449003795,P Is for Peril,Sue Grafton,2002,Ballantine Books,http://images.amazon.com/images/P/0449003795.01.LZZZZZZZ.jpg
044651862X,The Celestine Prophecy (Celestine Prophecy),James Redfield,1994,Warner Books,http://images.amazon.com/images/P/044651862X.01.LZZZZZZZ.jpg
043935806X,Harry Potter and the Order of the Phoenix (Book 5),J. K. Rowling,2003,Scholastic,http://images.amazon.com/images/P/043935806X.01.LZZZZZZZ.jpg
0451184963,Insomnia,Stephen King,1995,Signet Book,http://images.amazon.com/images/P/0451184963.01.LZZZZZZZ.jpg
0440220602,The Chamber,John Grisham,1995,Dell Publishing Company,http://images.amazon.com/images/P/0440220602.01.LZZZZZZZ.jpg
0451156609,The Tommyknockers,Stephen King,1994,Signet Book,http://images.amazon.com/images/P/0451156609.01.LZZZZZZZ.jpg
1400031354,Tears of the Giraffe (No.1 Ladies Detective Agency),Alexander McCall Smith,2002,Anchor,http://images.amazon.com/images/P/1400031354.01.LZZZZZZZ.jpg
0446608955,A Walk to Remember,Nicholas Sparks,2000,Warner Books,http://images.amazon.com/images/P/0446608955.01.LZZZZZZZ.jpg
0440414806,Holes (Yearling Newbery),LOUIS SACHAR,2000,Yearling,http://images.amazon.com/images/P/0440414806.01.LZZZZZZZ.jpg
0440241073,The Summons,John Grisham,2002,Dell Publishing Company,http://images.amazon.com/images/P/0440241073.01.LZZZZZZZ.jpg
0446606324,The Winner,David Baldacci,1998,Warner Vision,http://images.amazon.com/images/P/0446606324.01.LZZZZZZZ.jpg
0515132187,The Villa,Nora Roberts,2002,Jove Books,http://images.amazon.com/images/P/0515132187.01.LZZZZZZZ.jpg
0446670251,The Virgin Suicides,Jeffrey Eugenides,1994,Warner Books,http://images.amazon.com/images/P/0446670251.01.LZZZZZZZ.jpg
0425154092,From Potter's Field,Patricia Daniels Cornwell,1996,Berkley Publishing Group,http://images.amazon.com/images/P/0425154092.01.LZZZZZZZ.jpg
0671014196,The Summerhouse,Jude Deveraux,2002,Pocket,http://images.amazon.com/images/P/0671014196.01.LZZZZZZZ.jpg
0871136791,Cold Mountain,Charles Frazier,1997,Atlantic Monthly Press,http://images.amazon.com/images/P/0871136791.01.LZZZZZZZ.jpg
0553271636,D Is for Deadbeat (Kinsey Millhone Mysteries (Paperback)),Sue Grafton,1988,Bantam,http://images.amazon.com/images/P/0553271636.01.LZZZZZZZ.jpg
0679751521,Midnight in the Garden of Good and Evil,John Berendt,1999,Vintage Books USA,http://images.amazon.com/images/P/0679751521.01.LZZZZZZZ.jpg
0312966091,Three To Get Deadly : A Stephanie Plum Novel (A Stephanie Plum Novel),Janet Evanovich,1998,St. Martin's Paperbacks,http://images.amazon.com/images/P/0312966091.01.LZZZZZZZ.jpg
0671001795,Two for the Dough,Janet Evanovich,1996,Pocket,http://images.amazon.com/images/P/0671001795.01.LZZZZZZZ.jpg
0553274295,Where the Red Fern Grows,Wilson Rawls,1984,Random House Children's Books,http://images.amazon.com/images/P/0553274295.01.LZZZZZZZ.jpg
0316693235,Violets Are Blue,James Patterson,2001,"Little, Brown",http://images.amazon.com/images/P/0316693235.01.LZZZZZZZ.jpg
0804114986,The Bonesetter's Daughter,Amy Tan,2002,Ballantine Books,http://images.amazon.com/images/P/0804114986.01.LZZZZZZZ.jpg
0451167317,The Dark Half,Stephen King,1994,Signet Book,http://images.amazon.com/images/P/0451167317.01.LZZZZZZZ.jpg
0312980159,Fast Women,Jennifer Crusie,2002,St. Martin's Press,http://images.amazon.com/images/P/0312980159.01.LZZZZZZZ.jpg
0312983271,Full House (Janet Evanovich's Full Series),Janet Evanovich,2002,St. Martin's Paperbacks,http://images.amazon.com/images/P/0312983271.01.LZZZZZZZ.jpg
0446670111,Einstein's Dreams,Alan Lightman,1994,Warner Books,http://images.amazon.com/images/P/0446670111.01.LZZZZZZZ.jpg
0553284789,F Is for Fugitive (Kinsey Millhone Mysteries (Paperback)),Sue Grafton,1990,Bantam,http://images.amazon.com/images/P/0553284789.01.LZZZZZZZ.jpg
0553279556,E Is for Evidence: A Kinsey Millhone Mystery (Kinsey Millhone Mysteries (Paperback)),Sue Grafton,1989,Bantam,http://images.amazon.com/images/P/0553279556.01.LZZZZZZZ.jpg
0553280414,A Separate Peace,John Knowles,1985,Bantam Books,http://images.amazon.com/images/P/0553280414.01.LZZZZZZZ.jpg
0439136369,Harry Potter and the Prisoner of Azkaban (Book 3),J. K. Rowling,2001,Scholastic,http://images.amazon.com/images/P/0439136369.01.LZZZZZZZ.jpg
0385503822,The Summons,John Grisham,2002,Doubleday Books,http://images.amazon.com/images/P/0385503822.01.LZZZZZZZ.jpg
0609804138,The Sweet Potato Queens' Book of Love,JILL CONNER BROWNE,1999,Three Rivers Press,http://images.amazon.com/images/P/0609804138.01.LZZZZZZZ.jpg
0345439104,Drowning Ruth (Oprah's Book Club),CHRISTINA SCHWARZ,2001,Ballantine Books,http://images.amazon.com/images/P/0345439104.01.LZZZZZZZ.jpg
0425180638,The Last Precinct,Patricia Cornwell,2001,Berkley Publishing Group,http://images.amazon.com/images/P/0425180638.01.LZZZZZZZ.jpg
0345387651,The Cider House Rules,John Irving,1994,Ballantine Books,http://images.amazon.com/images/P/0345387651.01.LZZZZZZZ.jpg
0679444815,Timeline,Michael Crichton,1999,Alfred A. Knopf,http://images.amazon.com/images/P/0679444815.01.LZZZZZZZ.jpg
0060921145,Animal Dreams,Barbara Kingsolver,1991,Perennial,http://images.amazon.com/images/P/0060921145.01.LZZZZZZZ.jpg
0743467523,Dreamcatcher,Stephen King,2003,Pocket,http://images.amazon.com/images/P/0743467523.01.LZZZZZZZ.jpg
0449221512,I Is for Innocent,Sue Grafton,1994,Fawcett Books,http://images.amazon.com/images/P/0449221512.01.LZZZZZZZ.jpg
0440998050,A Wrinkle in Time,Madeleine L'Engle,1976,Laure Leaf,http://images.amazon.com/images/P/0440998050.01.LZZZZZZZ.jpg
0679745203,The English Patient,Michael Ondaatje,1996,Vintage Books USA,http://images.amazon.com/images/P/0679745203.01.LZZZZZZZ.jpg
0439139600,Harry Potter and the Goblet of Fire (Book 4),J. K. Rowling,2002,Scholastic Paperbacks,http://images.amazon.com/images/P/0439139600.01.LZZZZZZZ.jpg
0553279378,I Know Why the Caged Bird Sings,MAYA ANGELOU,1983,Bantam,http://images.amazon.com/images/P/0553279378.01.LZZZZZZZ.jpg
0312983867,Hard Eight : A Stephanie Plum Novel (A Stephanie Plum Novel),Janet Evanovich,2003,St. Martin's Paperbacks,http://images.amazon.com/images/P/0312983867.01.LZZZZZZZ.jpg
0316781142,The Last Time They Met : A Novel,Anita Shreve,2001,"Little, Brown",http://images.amazon.com/images/P/0316781142.01.LZZZZZZZ.jpg
0425192725,Q Is for Quarry,Sue Grafton,2003,Berkley Publishing Group,http://images.amazon.com/images/P/0425192725.01.LZZZZZZZ.jpg
031298328X,Full Tilt (Janet Evanovich's Full Series),Janet Evanovich,2003,St. Martin's Paperbacks,http://images.amazon.com/images/P/031298328X.01.LZZZZZZZ.jpg
0345435168,Open House (Oprah's Book Club (Paperback)),Elizabeth Berg,2001,Ballantine Books,http://images.amazon.com/images/P/0345435168.01.LZZZZZZZ.jpg
0440221595,The Glass Lake,Maeve Binchy,1996,Dell,http://images.amazon.com/images/P/0440221595.01.LZZZZZZZ.jpg
0440222656,The Horse Whisperer,Nicholas Evans,1996,Dell,http://images.amazon.com/images/P/0440222656.01.LZZZZZZZ.jpg
0316899984,"River, Cross My Heart",Breena Clarke,1999,Little Brown &amp; Company,http://images.amazon.com/images/P/0316899984.01.LZZZZZZZ.jpg
014029628X,Girl in Hyacinth Blue,Susan Vreeland,2000,Penguin Books,http://images.amazon.com/images/P/014029628X.01.LZZZZZZZ.jpg
0064472272,"Angus, Thongs and Full-Frontal Snogging: Confessions of Georgia Nicolson",Louise Rennison,2001,HarperTempest,http://images.amazon.com/images/P/0064472272.01.LZZZZZZZ.jpg
0316780375,The Weight of Water : A Novel Tag: Author of Resistance and Strange Fits of Passion,Anita Shreve,1998,Back Bay Books,http://images.amazon.com/images/P/0316780375.01.LZZZZZZZ.jpg
0743436210,Hearts in Atlantis,Stephen King,2001,Pocket,http://images.amazon.com/images/P/0743436210.01.LZZZZZZZ.jpg
0141000198,Bridget Jones's Diary,Helen Fielding,2001,Penguin Putnam,http://images.amazon.com/images/P/0141000198.01.LZZZZZZZ.jpg
0671727796,The Color Purple,Alice Walker,1990,Pocket,http://images.amazon.com/images/P/0671727796.01.LZZZZZZZ.jpg
0425172546,Southern Cross,Patricia Daniels Cornwell,1999,Berkley Publishing Group,http://images.amazon.com/images/P/0425172546.01.LZZZZZZZ.jpg
0140177396,Of Mice and Men (Penguin Great Books of the 20th Century),John Steinbeck,1993,Penguin Books,http://images.amazon.com/images/P/0140177396.01.LZZZZZZZ.jpg
0553280341,B Is for Burglar (Kinsey Millhone Mysteries (Paperback)),Sue Grafton,1986,Bantam,http://images.amazon.com/images/P/0553280341.01.LZZZZZZZ.jpg
0553280368,C Is for Corpse (Kinsey Millhone Mysteries (Paperback)),Sue Grafton,1987,Bantam,http://images.amazon.com/images/P/0553280368.01.LZZZZZZZ.jpg
0451176464,Gerald's Game,Stephen King,2001,Signet Book,http://images.amazon.com/images/P/0451176464.01.LZZZZZZZ.jpg
0446607657,When the Wind Blows,James Patterson,1999,Warner Vision,http://images.amazon.com/images/P/0446607657.01.LZZZZZZZ.jpg
0441569595,Neuromancer (Remembering Tomorrow),William Gibson,1995,Ace Books,http://images.amazon.com/images/P/0441569595.01.LZZZZZZZ.jpg
0312980140,Seven Up (A Stephanie Plum Novel),Janet Evanovich,2002,St. Martin's Paperbacks,http://images.amazon.com/images/P/0312980140.01.LZZZZZZZ.jpg
014023313X,The Stone Diaries,Carol Shields,1995,Penguin Books,http://images.amazon.com/images/P/014023313X.01.LZZZZZZZ.jpg
0375506039,Open House,Elizabeth Berg,2000,Random House Trade,http://images.amazon.com/images/P/0375506039.01.LZZZZZZZ.jpg
0441172717,Dune (Remembering Tomorrow),Frank Herbert,1996,ACE Charter,http://images.amazon.com/images/P/0441172717.01.LZZZZZZZ.jpg
0449219364,G Is for Gumshoe (Kinsey Millhone Mysteries (Paperback)),Sue Grafton,1991,Fawcett Books,http://images.amazon.com/images/P/0449219364.01.LZZZZZZZ.jpg
0743227441,The Other Boleyn Girl,Philippa Gregory,2002,Touchstone,http://images.amazon.com/images/P/0743227441.01.LZZZZZZZ.jpg
0553275976,The Bonfire of the Vanities,Tom Wolfe,1988,Bantam Books,http://images.amazon.com/images/P/0553275976.01.LZZZZZZZ.jpg
0553582127,The Search,Iris Johansen,2001,Bantam Books,http://images.amazon.com/images/P/0553582127.01.LZZZZZZZ.jpg
0452284449,The Virgin Blue,Tracy Chevalier,2003,Plume Books,http://images.amazon.com/images/P/0452284449.01.LZZZZZZZ.jpg
0451163966,One Flew Over the Cuckoo's Nest,Ken Kesey,1989,Signet Book,http://images.amazon.com/images/P/0451163966.01.LZZZZZZZ.jpg
006016848X,"Men Are from Mars, Women Are from Venus: A Practical Guide for Improving Communication and Getting What You Want in Your Relationships",John Gray,1992,HarperCollins Publishers,http://images.amazon.com/images/P/006016848X.01.LZZZZZZZ.jpg
0440212561,Outlander,DIANA GABALDON,1992,Dell,http://images.amazon.com/images/P/0440212561.01.LZZZZZZZ.jpg
0684801523,The Great Gatsby,F. Scott Fitzgerald,1995,Scribner,http://images.amazon.com/images/P/0684801523.01.LZZZZZZZ.jpg
043936213X,Harry Potter and the Sorcerer's Stone (Book 1),J. K. Rowling,2001,Scholastic,http://images.amazon.com/images/P/043936213X.01.LZZZZZZZ.jpg
038550120X,A Painted House,JOHN GRISHAM,2001,Doubleday,http://images.amazon.com/images/P/038550120X.01.LZZZZZZZ.jpg
0375703063,A Virtuous Woman (Oprah's Book Club (Paperback)),Kaye Gibbons,1997,Vintage Books,http://images.amazon.com/images/P/0375703063.01.LZZZZZZZ.jpg
0553580221,False Memory,Dean R. Koontz,2000,Bantam Books,http://images.amazon.com/images/P/0553580221.01.LZZZZZZZ.jpg
0689817851,Go Ask Alice,Anonymous,1998,Simon Pulse,http://images.amazon.com/images/P/0689817851.01.LZZZZZZZ.jpg
0312306326,Visions of Sugar Plums,Janet Evanovich,2002,St. Martin's Press,http://images.amazon.com/images/P/0312306326.01.LZZZZZZZ.jpg
0451172817,Needful Things,Stephen King,2004,Signet Book,http://images.amazon.com/images/P/0451172817.01.LZZZZZZZ.jpg
0743211375,From a Buick 8 : A Novel,Stephen King,2002,Scribner,http://images.amazon.com/images/P/0743211375.01.LZZZZZZZ.jpg
080411868X,"Welcome to the World, Baby Girl!",Fannie Flagg,1999,Ballantine Books,http://images.amazon.com/images/P/080411868X.01.LZZZZZZZ.jpg
140003065X,A Fine Balance,Rohinton Mistry,2001,Vintage Books USA,http://images.amazon.com/images/P/140003065X.01.LZZZZZZZ.jpg
0671011367,Deja Dead,Kathy Reichs,1998,Pocket,http://images.amazon.com/images/P/0671011367.01.LZZZZZZZ.jpg
0743418204,In Her Shoes : A Novel,Jennifer Weiner,2003,Washington Square Press,http://images.amazon.com/images/P/0743418204.01.LZZZZZZZ.jpg
0060391626,I Know This Much Is True (Oprah's Book Club),Wally Lamb,1998,Regan Books,http://images.amazon.com/images/P/0060391626.01.LZZZZZZZ.jpg
0743203631,Gap Creek: The Story Of A Marriage,Robert Morgan,2000,Touchstone,http://images.amazon.com/images/P/0743203631.01.LZZZZZZZ.jpg
080411109X,The Hundred Secret Senses,Amy Tan,1996,Ivy Books,http://images.amazon.com/images/P/080411109X.01.LZZZZZZZ.jpg
0446608815,Pop Goes the Weasel,James Patterson,2000,Warner Vision,http://images.amazon.com/images/P/0446608815.01.LZZZZZZZ.jpg
0515128546,Tears of the Moon (Irish Trilogy),Nora Roberts,2000,Jove Books,http://images.amazon.com/images/P/0515128546.01.LZZZZZZZ.jpg
0670880728,Bridget Jones's Diary,Helen Fielding,1998,Viking Books,http://images.amazon.com/images/P/0670880728.01.LZZZZZZZ.jpg
0446520802,The Notebook,Nicholas Sparks,1996,Warner Books,http://images.amazon.com/images/P/0446520802.01.LZZZZZZZ.jpg
0451160525,"The Gunslinger (The Dark Tower, Book 1)",Stephen King,1994,New American Library,http://images.amazon.com/images/P/0451160525.01.LZZZZZZZ.jpg
1558745157,The Lost Boy: A Foster Child's Search for the Love of a Family,Dave Pelzer,1997,Health Communications,http://images.amazon.com/images/P/1558745157.01.LZZZZZZZ.jpg
0425163407,Unnatural Exposure,Patricia Daniels Cornwell,1998,Berkley Publishing Group,http://images.amazon.com/images/P/0425163407.01.LZZZZZZZ.jpg
0670894605,The Secret Life of Bees,Sue Monk Kidd,2002,Viking Books,http://images.amazon.com/images/P/0670894605.01.LZZZZZZZ.jpg
0451203771,Scarlet Feather,Maeve Binchy,2002,Signet Book,http://images.amazon.com/images/P/0451203771.01.LZZZZZZZ.jpg
0786867647,Lucky Man: A Memoir,Michael J. Fox,2002,Hyperion,http://images.amazon.com/images/P/0786867647.01.LZZZZZZZ.jpg
0515133973,Midnight Bayou,Nora Roberts,2004,Jove Books,http://images.amazon.com/images/P/0515133973.01.LZZZZZZZ.jpg
038542017X,"Like Water for Chocolate : A Novel in Monthly Installments with Recipes, Romances, and Home Remedies",LAURA ESQUIVEL,1995,Anchor,http://images.amazon.com/images/P/038542017X.01.LZZZZZZZ.jpg
0553574574,Beach Music,Pat Conroy,1996,Bantam Books,http://images.amazon.com/images/P/0553574574.01.LZZZZZZZ.jpg
0061097101,The Saving Graces: A Novel,Patricia Gaffney,2000,HarperTorch,http://images.amazon.com/images/P/0061097101.01.LZZZZZZZ.jpg
0399149155,Q Is for Quarry,Sue Grafton,2002,Putnam Publishing Group,http://images.amazon.com/images/P/0399149155.01.LZZZZZZZ.jpg
0446609404,Cradle and All,James Patterson,2001,Warner Vision,http://images.amazon.com/images/P/0446609404.01.LZZZZZZZ.jpg
0842329242,Nicolae: The Rise of Antichrist (Left Behind No. 3),Tim F. Lahaye,1998,Tyndale House Publishers,http://images.amazon.com/images/P/0842329242.01.LZZZZZZZ.jpg
0312265859,Hard Eight : A Stephanie Plum Novel (A Stephanie Plum Novel),Janet Evanovich,2002,St. Martin's Press,http://images.amazon.com/images/P/0312265859.01.LZZZZZZZ.jpg
0553250426,The Clan of the Cave Bear (Earth's Children (Paperback)),Jean M. Auel,1984,Bantam Books,http://images.amazon.com/images/P/0553250426.01.LZZZZZZZ.jpg
0440223202,Evening Class,Maeve Binchy,1998,Dell Publishing Company,http://images.amazon.com/images/P/0440223202.01.LZZZZZZZ.jpg
014100018X,Chocolat,Joanne Harris,2000,Penguin Books,http://images.amazon.com/images/P/014100018X.01.LZZZZZZZ.jpg
0786817070,"Artemis Fowl (Artemis Fowl, Book 1)",Eoin Colfer,2002,Miramax Kids,http://images.amazon.com/images/P/0786817070.01.LZZZZZZZ.jpg
0515136530,"Key of Valor (Roberts, Nora. Key Trilogy, 3.)",Nora Roberts,2003,Jove Pubns,http://images.amazon.com/images/P/0515136530.01.LZZZZZZZ.jpg
0671693816,Wifey,Judy Blume,1989,Pocket,http://images.amazon.com/images/P/0671693816.01.LZZZZZZZ.jpg
0440498058,A Wrinkle In Time,MADELEINE L'ENGLE,1998,Yearling,http://images.amazon.com/images/P/0440498058.01.LZZZZZZZ.jpg
0060096195,The Boy Next Door,Meggin Cabot,2002,Avon Trade,http://images.amazon.com/images/P/0060096195.01.LZZZZZZZ.jpg
0385720955,The Blind Assassin,Margaret Atwood,2001,Anchor Books/Doubleday,http://images.amazon.com/images/P/0385720955.01.LZZZZZZZ.jpg
0316777722,Me Talk Pretty One Day,David Sedaris,2000,"Little, Brown",http://images.amazon.com/images/P/0316777722.01.LZZZZZZZ.jpg
0446611085,Suzanne's Diary for Nicholas,James Patterson,2003,Warner Books,http://images.amazon.com/images/P/0446611085.01.LZZZZZZZ.jpg
034536676X,The World According to Garp,John Irving,1994,Ballantine Books,http://images.amazon.com/images/P/034536676X.01.LZZZZZZZ.jpg
0515126772,Jewels of the Sun (Irish Trilogy),Nora Roberts,2004,Jove Books,http://images.amazon.com/images/P/0515126772.01.LZZZZZZZ.jpg
0679735771,American Psycho (Vintage Contemporaries),Bret Easton Ellis,2000,Vintage Books USA,http://images.amazon.com/images/P/0679735771.01.LZZZZZZZ.jpg
0449219461,H Is for Homicide (Kinsey Millhone Mysteries (Paperback)),Sue Grafton,1993,Fawcett Books,http://images.amazon.com/images/P/0449219461.01.LZZZZZZZ.jpg
0446606189,Cat &amp; Mouse (Alex Cross Novels),James Patterson,1998,Warner Books,http://images.amazon.com/images/P/0446606189.01.LZZZZZZZ.jpg
0345444884,The Talisman,STEPHEN KING,2001,Ballantine Books,http://images.amazon.com/images/P/0345444884.01.LZZZZZZZ.jpg
